1,1.jpg,"[-0.07645926624536514, 0.059073805809020996, 0.11530635505914688, -0.10273601859807968, -0.15318132936954498, -0.10081033408641815, -0.022584669291973114, -0.13377217948436737, 0.09716983139514923, -0.12716476619243622, 0.17523692548274994, -0.13511931896209717, -0.16315697133541107, 0.0907924696803093, -0.10244030505418777, 0.23350925743579865, -0.1528741717338562, -0.14859190583229065, -0.06739979982376099, -0.02541765570640564, 0.08287891000509262, 0.0509394034743309, -0.027534959837794304, 0.09058070927858353, -0.07328477501869202, -0.2808428704738617, -0.06060265749692917, -0.04423448443412781, 0.07751684635877609, -0.014995372854173183, -0.054504022002220154, 0.035044558346271515, -0.1892833113670349, 0.015348942950367928, 0.061752401292324066, 0.1077103391289711, -0.0367593951523304, -0.11881846934556961, 0.22531649470329285, 0.03501176834106445, -0.31744205951690674, 0.12493646144866943, 0.14741250872612, 0.24415157735347748, 0.1598670929670334, 0.0564672015607357, 0.014466725289821625, -0.10507574677467346, 0.0944037213921547, -0.24865610897541046, -0.047284968197345734, 0.1194024607539177, 0.07902568578720093, -0.030667828395962715, 0.05287587642669678, -0.21399414539337158, 0.03707309439778328, 0.07372864335775375, -0.21858464181423187, 0.0539751872420311, 0.07887639105319977, -0.06223205849528313, -0.0027579632587730885, -0.100223608314991, 0.2593798041343689, 0.09854932874441147, -0.12480894476175308, -0.09111060202121735, 0.19299335777759552, -0.18575237691402435, -0.05147196352481842, 0.05757226422429085, -0.09726591408252716, -0.11969480663537979, -0.24995359778404236, -0.09743566066026688, 0.5017085075378418, 0.09513799101114273, -0.18573278188705444, 0.10772013664245605, -0.056739017367362976, 0.019959451630711555, 0.1138421818614006, 0.10874080657958984, -0.049809668213129044, 0.036056824028491974, -0.11321696639060974, -0.03661218658089638, 0.2559066712856293, -0.06921073794364929, 0.03725966811180115, 0.19387048482894897, 0.038404304534196854, 0.0043869540095329285, -0.012088816612958908, -0.0025030013639479876, -0.15552568435668945, -0.07384450733661652, -0.1548953801393509, -0.10114024579524994, -0.055841002613306046, -0.07558812946081161, -0.0034494472201913595, 0.14915284514427185, -0.29578283429145813, 0.10942517966032028, -0.007949991151690483, -0.07887844741344452, -0.02672283910214901, 0.13100779056549072, -0.047867171466350555, -0.034346647560596466, 0.11382099986076355, -0.22460061311721802, 0.1522163301706314, 0.21946249902248383, -0.007238686550408602, 0.08812951296567917, 0.11433447152376175, 0.04489802569150925, -0.012579793110489845, 0.02139884978532791, -0.16530902683734894, -0.11711841821670532, 0.02743956446647644, -0.07633168250322342, 0.12318550050258636, 0.05852615833282471]"
1,1.jpg,"[-0.091346874833107, 0.04815362021327019, 0.04368721321225166, -0.017855705693364143, -0.00832520704716444, -0.10106948018074036, 0.04973820969462395, -0.0596684068441391, 0.10728655010461807, -0.038663942366838455, 0.17776857316493988, -0.04173087701201439, -0.24151122570037842, -0.15962155163288116, 0.054519496858119965, 0.16587506234645844, -0.1604130119085312, -0.11633036285638809, -0.15969914197921753, -0.08420857042074203, 0.007283140905201435, -0.014273437671363354, 0.01899878680706024, -0.005315096117556095, -0.09103024750947952, -0.41037270426750183, -0.013444149866700172, -0.16089533269405365, -0.028995053842663765, -0.09425567835569382, 0.005506669636815786, 0.06447768956422806, -0.1416173130273819, -0.10399208217859268, 0.039068058133125305, 0.017317013815045357, -0.004734748974442482, 0.06606505811214447, 0.19444601237773895, 0.03131011500954628, -0.21296563744544983, 0.04927994683384895, 0.021479494869709015, 0.2934671640396118, 0.22084838151931763, 0.08001001924276352, 0.022946078330278397, -0.07803162932395935, 0.08560589700937271, -0.22276699542999268, 0.016647325828671455, 0.11895618587732315, 0.09168701618909836, 0.02755015902221203, 0.13687075674533844, -0.09570109099149704, 0.0429154597222805, -0.02949863113462925, -0.23395384848117828, -0.0037461009342223406, 0.08554580807685852, -0.09581129252910614, -0.04732992500066757, -0.016619086265563965, 0.19639618694782257, -0.014583928510546684, -0.08480878919363022, -0.08534985035657883, 0.10153714567422867, -0.16148802638053894, -0.02671925723552704, 0.007384549360722303, -0.09818600863218307, -0.16543342173099518, -0.34086644649505615, 0.0484970323741436, 0.3138115108013153, 0.1774158626794815, -0.23122408986091614, 0.03991859406232834, -0.10634861886501312, -0.0005137762636877596, 0.1398547738790512, 0.04334482550621033, -0.0635501891374588, 0.04951680451631546, -0.0777544304728508, 0.014742571860551834, 0.0688098818063736, -0.039678558707237244, -0.036912862211465836, 0.1651984453201294, -0.016522308811545372, 0.004854577127844095, 0.03691749647259712, -0.023164179176092148, -0.13999897241592407, -0.004672102630138397, -0.15872888267040253, -0.08760426193475723, 0.11920901387929916, -0.03282420337200165, 0.09352147579193115, 0.08859947323799133, -0.1822497844696045, 0.12729524075984955, -0.058979809284210205, -0.025950606912374496, -0.01825183629989624, 0.052911583334207535, -0.059453632682561874, -0.060005221515893936, 0.09047341346740723, -0.19295541942119598, 0.19587881863117218, 0.24783211946487427, -0.030391816049814224, 0.07662038505077362, 0.05681438744068146, -0.011274412274360657, -0.08480320125818253, 0.04888398200273514, -0.14751118421554565, -0.0467669703066349, 0.06821087747812271, 0.05664295703172684, 0.11350598931312561, -0.005280865356326103]"
1,2.jpg,"[-0.02686770260334015, 0.10078935325145721, 0.003796406090259552, -0.0467061810195446, 0.016728010028600693, -0.07207487523555756, -0.03619777411222458, -0.05207930505275726, 0.18409889936447144, -0.028642309829592705, 0.17952968180179596, 0.09572857618331909, -0.20913061499595642, -0.21753479540348053, 0.01050462108105421, 0.1294894516468048, -0.15118873119354248, -0.13343219459056854, -0.07038494944572449, -0.09822975844144821, 0.028689470142126083, 0.02076946385204792, 0.045061931014060974, 0.020282480865716934, -0.13764315843582153, -0.2604166567325592, -0.015917707234621048, -0.14249946177005768, 0.002703009871765971, -0.11965218931436539, -0.022252395749092102, 0.04876910522580147, -0.18142512440681458, -0.0860438197851181, 0.04982803016901016, 0.12803252041339874, -0.02302202209830284, -0.028115054592490196, 0.18856070935726166, 0.011770481243729591, -0.13403375446796417, -0.018103478476405144, -0.013223115354776382, 0.3050120770931244, 0.22403563559055328, 0.03566120192408562, 0.06533391773700714, -0.11130622774362564, 0.16375435888767242, -0.17198549211025238, 0.08386477828025818, 0.11347270756959915, 0.10480361431837082, 0.013227486982941628, 0.0971265435218811, -0.16775637865066528, 0.029189961031079292, 0.1001332625746727, -0.2262512743473053, -0.028900165110826492, 0.011490806937217712, -0.05007069185376167, -0.08350274711847305, -0.05044188350439072, 0.2516021728515625, 0.03806596249341965, -0.13229523599147797, -0.11078862100839615, 0.19679297506809235, -0.12452058494091034, -0.06416407227516174, 0.06702111661434174, -0.10794008523225784, -0.1594771146774292, -0.30516400933265686, 0.038135457783937454, 0.3860938847064972, 0.14458508789539337, -0.19431498646736145, 0.0881437212228775, -0.07918219268321991, -0.04008445143699646, 0.0827447697520256, 0.10392199456691742, -0.07436566054821014, 0.0868399366736412, -0.08730810135602951, 0.05481070652604103, 0.16288119554519653, -0.001097767031751573, -0.08783745020627975, 0.09289044886827469, -0.00245578377507627, 0.03980613872408867, 0.01348399929702282, -0.04614865779876709, -0.07917079329490662, 0.06423620134592056, -0.1736576110124588, -0.05629083886742592, 0.07946189492940903, -0.03320127725601196, 0.01452669408172369, 0.11104008555412292, -0.13348519802093506, 0.1284269541501999, 0.05448130518198013, -0.03205404803156853, -0.03516286611557007, -0.024564508348703384, -0.10537932813167572, -0.022534247487783432, 0.12136497348546982, -0.27290818095207214, 0.24934685230255127, 0.14958421885967255, 0.06996556371450424, 0.14120714366436005, 0.06142697483301163, 0.0432576909661293, 0.012669499032199383, -0.06279519200325012, -0.20435427129268646, -0.05601288378238678, 0.07319778949022293, 0.0019415117567405105, 0.1858898550271988, 0.0231985691934824]"
1,4.jpg,"[-0.11209336668252945, 0.04029221460223198, 0.09446649998426437, -0.059525251388549805, -0.04389763996005058, -0.11460375785827637, -0.010092162527143955, -0.08111753314733505, 0.11172957718372345, -0.09364132583141327, 0.27714523673057556, -0.1038484126329422, -0.16665421426296234, -0.15361978113651276, -0.03144565597176552, 0.12582090497016907, -0.11342345923185349, -0.12449309974908829, -0.019730806350708008, -0.07975078374147415, 0.0589633509516716, -0.03042610175907612, -0.06160048022866249, 0.009453993290662766, -0.11059285700321198, -0.30403760075569153, -0.09039610624313354, -0.037667371332645416, 0.06150652468204498, -0.10351377725601196, 0.022699972614645958, 0.05287801846861839, -0.13901564478874207, -0.09520231187343597, 0.04028846323490143, 0.1388131082057953, -0.006633670534938574, -0.04290858283638954, 0.13863225281238556, -0.04117994010448456, -0.1436789482831955, 0.042987674474716187, 0.004393233451992273, 0.30716606974601746, 0.16397437453269958, 0.11851595342159271, -0.0005309679545462132, -0.059621743857860565, 0.15835881233215332, -0.20387575030326843, 0.05992208793759346, 0.10330070555210114, 0.1483643352985382, 0.00999963004142046, 0.11143110692501068, -0.07436971366405487, 0.028250163421034813, 0.15989826619625092, -0.20006059110164642, 0.0322149284183979, 0.04338209703564644, -0.08110246807336807, 0.05340014770627022, -0.07601842284202576, 0.2196803241968155, 0.052188578993082047, -0.11789499968290329, -0.036899782717227936, 0.18163752555847168, -0.12971358001232147, -0.04970228299498558, 0.021175486966967583, -0.06316008418798447, -0.13350966572761536, -0.2750779390335083, 0.062243808060884476, 0.3778291940689087, 0.158029705286026, -0.21213194727897644, 0.031055929139256477, -0.026013538241386414, 0.05739615485072136, 0.15096455812454224, 0.056276898831129074, -0.06078748777508736, -0.024784758687019348, -0.1250511109828949, -0.08255593478679657, 0.17854472994804382, 0.000765505654271692, -0.053923219442367554, 0.16048312187194824, -0.02115512080490589, 0.03439755365252495, 0.035016980022192, -0.04872016981244087, -0.10546531528234482, 0.007980186492204666, -0.06376340240240097, -0.057744402438402176, 0.0658678337931633, -0.06054087355732918, 0.02474716119468212, 0.12544238567352295, -0.15143629908561707, 0.15223215520381927, -0.025308135896921158, 0.062346648424863815, 0.009591396898031235, 0.06029915437102318, -0.016453484073281288, -0.034845396876335144, 0.07381980121135712, -0.2735045850276947, 0.17439696192741394, 0.15803176164627075, -0.015568885020911694, 0.15168896317481995, 0.07442576438188553, 0.052740853279829025, 0.003681901376694441, -0.03404872491955757, -0.0893222913146019, -0.10817307233810425, 0.021534591913223267, -0.0049017202109098434, 0.13886362314224243, 0.027828076854348183]"
1,4.jpg,"[-0.15151582658290863, 0.09291960299015045, 0.04870060458779335, -0.06777521967887878, -0.10154945403337479, -0.026228882372379303, 0.02081778086721897, -0.10227780044078827, 0.17867711186408997, -0.047761060297489166, 0.21970419585704803, -0.03878070041537285, -0.19981321692466736, -0.05999583378434181, -0.05729126185178757, 0.0663691833615303, -0.17631500959396362, -0.17166641354560852, -0.019589923322200775, -0.10883092135190964, 0.07418766617774963, -0.04673009738326073, -0.02182312123477459, -0.013615434989333153, -0.186702698469162, -0.29870250821113586, -0.06904875487089157, -0.10311299562454224, 0.07471893727779388, -0.10852862894535065, 0.04057261347770691, -0.07098378986120224, -0.16459377110004425, -0.060963962227106094, -0.018865227699279785, 0.1272929161787033, -0.06369315087795258, -0.06763599812984467, 0.19134777784347534, -0.031761735677719116, -0.10042060911655426, -0.021730225533246994, 0.022753121331334114, 0.3121475875377655, 0.1617341786623001, 0.08321881294250488, 0.002896673744544387, -0.06371026486158371, 0.08607513457536697, -0.280060738325119, 0.08150314539670944, 0.1518184244632721, 0.03477328643202782, 0.04786134138703346, 0.11325176805257797, -0.12565241754055023, -0.007646717131137848, 0.03535686433315277, -0.1731490045785904, 0.05386324226856232, 0.04135563224554062, 0.03118927963078022, 0.00021850685880053788, -0.10150826722383499, 0.24638043344020844, 0.09604848176240921, -0.09431718289852142, -0.07976177334785461, 0.17026610672473907, -0.19192713499069214, -0.08876208961009979, -0.03289148956537247, -0.08386323601007462, -0.14436036348342896, -0.30441954731941223, 0.04920050874352455, 0.446614146232605, 0.13461825251579285, -0.1235237866640091, 0.022148938849568367, -0.0761185735464096, -0.02786986157298088, 0.08041848242282867, 0.008356400765478611, -0.09818992018699646, 0.0440940260887146, -0.12135699391365051, 0.036696501076221466, 0.19355511665344238, -0.057559557259082794, -0.052274011075496674, 0.15448637306690216, 0.002281710971146822, 0.025538671761751175, 0.05892353504896164, 0.0326201394200325, -0.11189937591552734, 0.0460931695997715, -0.11205659061670303, 0.0049021425656974316, 0.10785385966300964, -0.0882357507944107, 0.06498895585536957, 0.16161243617534637, -0.16498203575611115, 0.10422608256340027, 0.008838547393679619, -0.04230581223964691, -0.02588621899485588, 0.05626529082655907, -0.15838077664375305, -0.09037642925977707, 0.17479068040847778, -0.25102901458740234, 0.1921069175004959, 0.23125199973583221, 0.006161732133477926, 0.1308133602142334, 0.07857801765203476, 0.02864527516067028, 0.01901084929704666, 0.08463101834058762, -0.0996289923787117, -0.05518001317977905, -0.0961960032582283, 0.005949677899479866, 0.018697328865528107, 0.10207020491361618]"
1,4.jpg,"[-0.05010939761996269, 0.06545531004667282, 0.06907135248184204, -0.018528565764427185, -0.014717113226652145, -0.105092853307724, 0.04385719448328018, -0.02642473764717579, 0.14982913434505463, 0.014279508031904697, 0.15208977460861206, -0.054304398596286774, -0.22106465697288513, -0.13987360894680023, 0.025732796639204025, 0.15068338811397552, -0.15902748703956604, -0.14432279765605927, -0.10715092718601227, -0.05958275496959686, 0.05135514959692955, -0.0026291892863810062, -0.025728028267621994, 0.008890382014214993, -0.14933349192142487, -0.34398743510246277, -0.015733592212200165, -0.12375543266534805, -0.029773792251944542, -0.0964629203081131, -0.025670045986771584, 0.0864919126033783, -0.16828879714012146, -0.12818345427513123, 0.07229083776473999, 0.0639338493347168, -0.03475077077746391, 0.029149463400244713, 0.15094423294067383, 0.04087004065513611, -0.2110571265220642, 0.04603946954011917, 0.005029276944696903, 0.2778612971305847, 0.17954932153224945, 0.11192533373832703, -0.016904490068554878, -0.08096612989902496, 0.05176367983222008, -0.2557292878627777, 0.014546825550496578, 0.17847351729869843, 0.10223386436700821, 0.06471173465251923, 0.11209207028150558, -0.08322492241859436, 0.05644083023071289, -0.004855250008404255, -0.2843726873397827, -0.010902578942477703, 0.07947764545679092, -0.11177382618188858, -0.041022688150405884, -0.06829340010881424, 0.15685702860355377, 0.033011969178915024, -0.09009861946105957, -0.0483524315059185, 0.12003415077924728, -0.13987304270267487, -0.05285931006073952, 0.022590473294258118, -0.048617418855428696, -0.18623940646648407, -0.30007556080818176, 0.05691242218017578, 0.36149290204048157, 0.17982789874076843, -0.22214436531066895, 0.01357405073940754, -0.0655103474855423, 0.013583808206021786, 0.10675106197595596, 0.007748987525701523, -0.10158561915159225, 0.04526256024837494, -0.05547039955854416, 0.04573477432131767, 0.069374218583107, -0.034394342452287674, -0.014111734926700592, 0.12774628400802612, -0.019564956426620483, 0.020678581669926643, 0.02791476622223854, -0.0025932954158633947, -0.07381191849708557, 0.05770009011030197, -0.1266113519668579, -0.028653625398874283, 0.1482410579919815, -0.0615210235118866, 0.0880252942442894, 0.10131627321243286, -0.15890337526798248, 0.10527550429105759, -0.007163708563894033, -0.07827825844287872, -0.007443421054631472, 0.060830868780612946, -0.07546606659889221, -0.05448861047625542, 0.09707622230052948, -0.24907125532627106, 0.23975950479507446, 0.23736019432544708, -0.06723563373088837, 0.07783178985118866, 0.009906461462378502, 0.02479603886604309, -0.06681554764509201, -0.02982974238693714, -0.12624812126159668, -0.09178746491670609, 0.08653198927640915, 0.04029236361384392, 0.10262966901063919, -0.012644011527299881]"
1,5.jpg,"[-0.12253490835428238, 0.1284375935792923, 0.05990127846598625, -0.01735753007233143, -0.047259312123060226, -0.08102324604988098, -0.082316555082798, -0.09874951839447021, 0.10050662606954575, -0.0886218398809433, 0.2136637568473816, -0.0642043948173523, -0.2459259033203125, -0.07696069777011871, 0.02163388766348362, 0.11493602395057678, -0.10171524435281754, -0.12619559466838837, -0.07600968331098557, -0.0051179006695747375, 0.06300928443670273, -0.0363800972700119, 0.03529158979654312, 0.045916732400655746, -0.1653289943933487, -0.3565789759159088, -0.11071942746639252, -0.08120164275169373, 0.03089761734008789, -0.02683921530842781, -0.09577091038227081, -0.005583783145993948, -0.13812457025051117, -0.06713342666625977, 0.00819459743797779, 0.11770135909318924, -0.05653022602200508, -0.07290525734424591, 0.2051510065793991, -0.06847888231277466, -0.23841014504432678, 0.016613733023405075, 0.08015966415405273, 0.22700901329517365, 0.1869979053735733, 0.1088515967130661, 0.07005171477794647, -0.07382070273160934, 0.07701173424720764, -0.15003859996795654, 0.1125839576125145, 0.16714653372764587, 0.12677833437919617, 0.06501056998968124, 0.07826639711856842, -0.12135381251573563, 0.024487275630235672, 0.07113079726696014, -0.1533709466457367, -0.01973339170217514, 0.11953438818454742, -0.011719734407961369, -0.009585834108293056, -0.09427879750728607, 0.21625427901744843, 0.07521568983793259, -0.1280910074710846, -0.1239972710609436, 0.11297471821308136, -0.17901824414730072, -0.05914350226521492, 0.09083300828933716, -0.157949760556221, -0.1852785050868988, -0.2897453010082245, 0.06537062674760818, 0.35905176401138306, 0.19291557371616364, -0.09652354568243027, 0.031742703169584274, -0.021316614001989365, -0.07793634384870529, 0.0684744343161583, 0.07943448424339294, -0.0614958219230175, -0.0043008397333323956, -0.10474193096160889, 0.06606633961200714, 0.21990036964416504, -0.03787367790937424, -0.024487148970365524, 0.12832577526569366, 0.020801708102226257, 0.047586433589458466, -0.047808583825826645, 0.041063543409109116, -0.13515377044677734, 0.045146431773900986, -0.08814828097820282, 0.019247030839323997, 0.11802198737859726, 0.014003343880176544, 0.013086759485304356, 0.1198209896683693, -0.1243693083524704, 0.12050265818834305, -0.01308318693190813, 0.00920272059738636, 0.014971968717873096, 0.04270638898015022, -0.14524409174919128, -0.0732024684548378, 0.10242407023906708, -0.18187564611434937, 0.1544831246137619, 0.1517699658870697, 0.06399646401405334, 0.047012701630592346, 0.14374865591526031, 0.05220361799001694, 0.037296343594789505, 0.009605136699974537, -0.23875939846038818, -0.08653485029935837, 0.10345326364040375, -0.029949847608804703, 0.16332487761974335, 0.04016800597310066]"
1,6.jpg,"[-0.08462550491094589, 0.0881957933306694, 0.12215083837509155, -0.07558988034725189, -0.014462007209658623, -0.08252513408660889, -0.012864377349615097, -0.06309341639280319, 0.10031281411647797, -0.06810777634382248, 0.2466522455215454, -0.05788423493504524, -0.26878583431243896, -0.13526783883571625, -0.019865835085511208, 0.13442815840244293, -0.13290826976299286, -0.12798668444156647, -0.06450624763965607, -0.0869222953915596, 0.05003075674176216, 0.03182884305715561, 0.0004681425343733281, 0.002931121038272977, -0.12008874118328094, -0.36902838945388794, -0.022486573085188866, -0.07323182374238968, -0.06993097811937332, -0.1056700199842453, 0.02640281803905964, 0.10679031163454056, -0.09992716461420059, -0.013985354453325272, 0.033699192106723785, 0.060433365404605865, 0.0060675786808133125, -0.04248713701963425, 0.13997536897659302, 0.032705195248126984, -0.1852983981370926, 0.054194677621126175, 0.03552126884460449, 0.3427892029285431, 0.18839512765407562, 0.04628849774599075, -0.04805688187479973, -0.027727380394935608, 0.13180992007255554, -0.20726394653320312, 0.036657653748989105, 0.12240014225244522, 0.13248828053474426, -0.03195938840508461, 0.13730160892009735, -0.08718689531087875, 0.028973206877708435, 0.063925601541996, -0.25550419092178345, 0.019713371992111206, 0.05113242566585541, -0.11950141936540604, 0.007519620470702648, -0.08087769895792007, 0.17253541946411133, 0.06667618453502655, -0.17331048846244812, -0.006979128811508417, 0.10634303838014603, -0.09680826961994171, -0.02058156579732895, 0.013609788380563259, -0.1167115792632103, -0.1514398604631424, -0.23491989076137543, 0.04750462621450424, 0.39191627502441406, 0.13801386952400208, -0.2417907863855362, -0.029914122074842453, -0.053589675575494766, 0.0037656943313777447, 0.1233597919344902, 0.06984122097492218, -0.09529368579387665, -0.049227695912122726, -0.12657877802848816, -0.02484278380870819, 0.12126732617616653, 0.02906225062906742, -0.10443490743637085, 0.22293533384799957, -0.02998611330986023, 0.005336763337254524, 0.023081637918949127, -0.028584683313965797, -0.15426158905029297, 0.007571573369204998, -0.13176387548446655, -0.06551982462406158, 0.004548161756247282, -0.12876273691654205, -0.0106601407751441, 0.1026652529835701, -0.14299660921096802, 0.102730393409729, 0.041366785764694214, 0.03644263371825218, 0.03289434686303139, 0.0958687961101532, -0.08548485487699509, -0.07930581271648407, 0.05197824165225029, -0.24044758081436157, 0.1379530280828476, 0.15628698468208313, 0.07330896705389023, 0.12200110405683517, 0.07626938074827194, 0.007268776185810566, -0.012505886144936085, -0.034221671521663666, -0.08251841366291046, -0.09585396200418472, 0.05164201185107231, 0.03227326273918152, 0.14502568542957306, 0.008745674975216389]"
1,7.jpg,"[-0.1882794350385666, 0.16284547746181488, -0.009883016347885132, -0.0267840176820755, -0.12946343421936035, 0.004639918450266123, -0.07661712914705276, -0.009586554020643234, 0.20646879076957703, 0.007389192935079336, 0.1503780335187912, -0.041031308472156525, -0.23424671590328217, -0.010909641161561012, -0.06433512270450592, 0.15332843363285065, -0.2496790736913681, -0.16146418452262878, -0.013068831525743008, -0.13823838531970978, 0.1047351285815239, 0.1314113289117813, -0.10892347246408463, 0.08201362192630768, -0.20276416838169098, -0.29350408911705017, -0.043611325323581696, -0.10079916566610336, 0.12222583591938019, -0.1974208801984787, 0.005352177191525698, 0.1008274182677269, -0.12983368337154388, -0.046132881194353104, 0.04762035235762596, 0.14598636329174042, -0.000883130996953696, -0.06442121416330338, 0.16615214943885803, 0.11548386514186859, -0.12188822776079178, 0.008842258714139462, -0.011061051860451698, 0.3815758526325226, 0.06213535740971565, 0.018162695690989494, -0.014275970868766308, -0.04703035205602646, 0.1673775464296341, -0.2689394950866699, 0.11243874579668045, 0.22376878559589386, 0.10491002351045609, 0.13588494062423706, 0.08456433564424515, -0.16202056407928467, -0.018863875418901443, 0.1598946452140808, -0.22793139517307281, 0.13087478280067444, 0.06046080216765404, -0.05359121784567833, 0.008798538707196712, -0.12512588500976562, 0.11792352050542831, 0.11937100440263748, -0.06359387189149857, -0.12989947199821472, 0.12890145182609558, -0.1289840191602707, -0.16093099117279053, 0.051160696893930435, -0.0322125218808651, -0.14025500416755676, -0.3167516887187958, 0.07255367934703827, 0.3175205886363983, 0.16687893867492676, -0.20012198388576508, -1.2091099961253349e-05, 0.04506786912679672, -0.08657331764698029, 0.04546595364809036, 0.06880725920200348, -0.16613619029521942, 0.052543722093105316, -0.0786188468337059, 0.03413087874650955, 0.2024589627981186, 0.08576741814613342, -0.025895223021507263, 0.2657773792743683, 0.054239388555288315, 0.06945153325796127, 0.076457180082798, 0.05790400132536888, -0.09737466275691986, -0.10059569776058197, -0.06406509876251221, -0.07646327465772629, 0.07681074738502502, -0.10958585888147354, -0.04542449116706848, 0.13415348529815674, -0.1463758945465088, 0.19548341631889343, 0.03142572566866875, 0.0027092155069112778, -0.10410014539957047, 0.06754294782876968, -0.1138203889131546, 0.009101258590817451, 0.21550080180168152, -0.21228939294815063, 0.1929597705602646, 0.1762552708387375, 0.052453335374593735, 0.13927066326141357, 0.05883685499429703, 0.014272387139499187, -0.04610193893313408, -0.08103047311306, -0.09308820962905884, -0.10609817504882812, 0.08421609550714493, -0.039248883724212646, -0.04064680263400078, 0.06254594027996063]"
1,7.jpg,"[-0.06465636938810349, 0.0915718749165535, 0.09483867883682251, -0.06368328630924225, -0.11069951951503754, -0.008754216134548187, -0.006946480367332697, -0.14473411440849304, 0.2167424112558365, -0.11789368838071823, 0.2509237229824066, -0.005996671970933676, -0.3000880181789398, -0.05036815628409386, -0.05761248990893364, 0.22580401599407196, -0.16647326946258545, -0.20484545826911926, 0.004888586699962616, -0.05602988973259926, 0.015837110579013824, 0.05323302745819092, -0.017991388216614723, 0.05760336294770241, -0.16031287610530853, -0.42685794830322266, -0.07907076925039291, -0.07981544733047485, 0.012308213859796524, -0.039044272154569626, -0.07208084315061569, 0.16305871307849884, -0.20482143759727478, -0.012445501983165741, 0.11656554788351059, 0.18042655289173126, -0.043678514659404755, 0.04285803437232971, 0.11638191342353821, 0.047933757305145264, -0.2252725064754486, -0.06154748424887657, 0.099561408162117, 0.2997642457485199, 0.20330928266048431, -0.007360229734331369, 0.021937662735581398, -0.10401678830385208, 0.009606210514903069, -0.2741943299770355, 0.06861789524555206, 0.13502663373947144, 0.14115361869335175, 0.13520082831382751, 0.04798652231693268, -0.20740251243114471, -0.01299493107944727, 0.10662597417831421, -0.19914337992668152, 0.024595143273472786, 0.0793454721570015, -0.18198493123054504, -0.036448460072278976, -0.026346808299422264, 0.320148766040802, 0.05900409817695618, -0.1730370819568634, -0.07186201959848404, 0.1565389782190323, -0.18855828046798706, -0.040976785123348236, -0.025160668417811394, -0.10173259675502777, -0.1615237295627594, -0.34045201539993286, 0.014278714545071125, 0.409417986869812, 0.18952398002147675, -0.23024746775627136, 0.12229230999946594, -0.09643211960792542, 0.029738208279013634, 0.04622034728527069, 0.11099987477064133, -0.05428154394030571, 0.12267689406871796, -0.09170052409172058, 0.037744320929050446, 0.14923888444900513, -0.0496642105281353, 0.056207071989774704, 0.2671163082122803, -0.06540197879076004, 0.11472872644662857, 0.08434777706861496, 0.015044430270791054, -0.11443287879228592, -0.0951218456029892, -0.19741857051849365, -0.12641890347003937, -0.11637347936630249, -0.05301006883382797, 0.04358352720737457, 0.10036821663379669, -0.22895517945289612, 0.17778201401233673, 0.026551714166998863, -0.01956872269511223, 0.004795325919985771, 0.0312647745013237, -0.025352464988827705, -0.12760670483112335, 0.14491628110408783, -0.3023192286491394, 0.20868057012557983, 0.1826924830675125, 0.024682341143488884, 0.22594907879829407, 0.07864677906036377, 0.04988690838217735, -0.04446644335985184, -0.12006518989801407, -0.09927324950695038, 0.010998808778822422, 0.07891713082790375, -0.10676909983158112, 0.07573209702968597, 0.01708914153277874]"
1,7.jpg,"[-0.1115671843290329, 0.13689827919006348, 0.05950704589486122, -0.07340998947620392, -0.20176014304161072, 0.06350976973772049, -0.07099807262420654, -0.13922157883644104, 0.17783597111701965, -0.07944357395172119, 0.08079477399587631, -0.03409760445356369, -0.22047089040279388, 0.05255594477057457, 0.005575412884354591, 0.13250340521335602, -0.19141048192977905, -0.2091197669506073, -0.019161919131875038, -0.13940414786338806, 0.005390836391597986, 0.02567991614341736, -0.020034942775964737, 0.1439886838197708, -0.25355300307273865, -0.23891602456569672, -0.060100603848695755, -0.10985580831766129, -0.05340016633272171, -0.1625225841999054, 0.02489297091960907, -0.0058306315913796425, -0.1978100836277008, 0.06302409619092941, 0.0020932445768266916, 0.1144823282957077, -0.02744401805102825, -0.23361650109291077, 0.1527836173772812, 0.0488281287252903, -0.15536144375801086, -0.011760285124182701, 0.07641646265983582, 0.22051529586315155, 0.23916956782341003, -0.0635029748082161, 0.031160108745098114, -0.05840363726019859, 0.24327678978443146, -0.35621845722198486, 0.018390782177448273, 0.13298960030078888, -0.01933230459690094, 0.04401922971010208, 0.09519419074058533, -0.1451219767332077, -0.010233028791844845, 0.07978413254022598, -0.18498165905475616, 0.09655017405748367, 0.035478636622428894, -0.07886790484189987, -0.05622025206685066, -0.11739819496870041, 0.28162020444869995, 0.22471460700035095, -0.10247181355953217, -0.1718296855688095, 0.1731647253036499, -0.1801133006811142, -0.1531849503517151, 0.11105881631374359, -0.08980633318424225, -0.17287087440490723, -0.23279723525047302, 0.07642614096403122, 0.4357403516769409, 0.1554216593503952, -0.1741483509540558, 0.05457663908600807, -0.04787001013755798, -0.013473045080900192, -0.030630620196461678, 0.1715277135372162, -0.00810472946614027, 0.014003664255142212, -0.08210039883852005, 0.09777212142944336, 0.3509383797645569, -0.024280797690153122, -0.032586097717285156, 0.2987399101257324, 0.01159276720136404, -0.0006734693888574839, 0.04412173107266426, 0.06069929152727127, -0.1313277930021286, -0.04237785190343857, -0.10881480574607849, -0.06428179144859314, 0.10009545832872391, 0.012663887813687325, -0.006479756906628609, 0.12146834284067154, -0.17725571990013123, 0.15649770200252533, -0.06772705912590027, -0.10810580104589462, -0.093318872153759, -0.09823942929506302, -0.1178549975156784, 0.07162591069936752, 0.19989532232284546, -0.31298863887786865, 0.1841934323310852, 0.07631997764110565, 0.031019914895296097, 0.12721969187259674, -0.0056700739078223705, 0.043433286249637604, 0.052527304738759995, -0.02603180520236492, -0.05725821480154991, -0.09675702452659607, 0.05520162358880043, -0.059482406824827194, 0.004730441607534885, 0.03058244101703167]"
1,7.jpg,"[-0.00917872041463852, 0.21523110568523407, -0.0356643982231617, -0.05685510113835335, -0.0721634179353714, 0.006158154923468828, -0.014554533176124096, -0.07405268400907516, 0.12301190197467804, -3.725966234924272e-05, 0.17104612290859222, -0.06282982975244522, -0.24606359004974365, -0.12201482802629471, 0.0012576894368976355, 0.14825919270515442, -0.09724397212266922, -0.17131184041500092, -0.17520222067832947, -0.0439005047082901, 0.06479198485612869, -0.05317318066954613, 0.04635314643383026, 0.058071739971637726, -0.1954689472913742, -0.29423725605010986, -0.07664347440004349, -0.11352445185184479, 0.13035833835601807, -0.11509529501199722, -0.08130691200494766, 0.03145981952548027, -0.1869327872991562, -0.10216884315013885, 0.03156505152583122, 0.06517849862575531, -0.07345137000083923, -0.0806494802236557, 0.2532810866832733, 0.07724218815565109, -0.1751992255449295, 0.09796132892370224, 0.03443830832839012, 0.3191809058189392, 0.254348486661911, 0.008805717341601849, 0.07575036585330963, -0.04462362453341484, 0.08088226616382599, -0.2891857624053955, 0.140371635556221, 0.16024816036224365, 0.1509198397397995, 0.16260793805122375, 0.11619489639997482, -0.19491149485111237, 0.0854245275259018, 0.10256950557231903, -0.26944637298583984, 0.019895203411579132, 0.03629472851753235, -0.01942010037600994, -0.054515887051820755, -0.024635693058371544, 0.15288051962852478, 0.1405021846294403, -0.05209838226437569, -0.10677357017993927, 0.20530301332473755, -0.13980670273303986, 0.04046384245157242, 0.06386441737413406, -0.10218095779418945, -0.1307874172925949, -0.2963714003562927, 0.07851490378379822, 0.35249391198158264, 0.22656477987766266, -0.22438915073871613, -0.013881097547709942, -0.06081570312380791, -0.0034533001016825438, 0.06996332108974457, -0.07749108225107193, -0.1347350925207138, -0.06704697757959366, -0.0963086411356926, 0.06115121766924858, 0.15933597087860107, -0.07126881927251816, -0.01476592943072319, 0.19483351707458496, 0.10074710100889206, -0.05107104033231735, 0.0819481611251831, 0.07160273939371109, -0.09363408386707306, -0.02186219021677971, -0.14154867827892303, 0.049211595207452774, 0.02977779507637024, -0.18358564376831055, -0.02800135128200054, 0.08061109483242035, -0.23102110624313354, 0.11720017343759537, 0.0633760318160057, -0.10238656401634216, -0.10526040196418762, 0.01570633053779602, -0.1428263932466507, -0.017778819426894188, 0.1622542440891266, -0.28016582131385803, 0.23479212820529938, 0.2583028972148895, -0.01609458029270172, 0.0853630006313324, 0.08353934437036514, 0.0444289967417717, 0.020338140428066254, -0.06690376996994019, -0.07573758810758591, -0.12798172235488892, 0.054181575775146484, 0.017614852637052536, -0.029483458027243614, 0.07351608574390411]"
1,8.jpg,"[-0.17802874743938446, 0.06842751055955887, 0.018758678808808327, -0.05638560652732849, -0.0877019539475441, -0.06589340418577194, -0.07618565112352371, -0.06422052532434464, 0.12335706502199173, -0.0824761912226677, 0.21468567848205566, -0.05691911652684212, -0.23280911147594452, -0.03649234399199486, -0.019637910649180412, 0.13943520188331604, -0.18739962577819824, -0.12292933464050293, -0.03304492309689522, -0.07151566445827484, 0.06763707846403122, 0.0024185851216316223, 0.05467931553721428, 0.058920349925756454, -0.12329497933387756, -0.39828944206237793, -0.11479352414608002, -0.15539222955703735, 0.0602400042116642, -0.07833178341388702, -0.0568176805973053, -0.048627398908138275, -0.14593292772769928, -0.045952267944812775, 0.033388275653123856, 0.12526479363441467, -0.07510095089673996, -0.07495910674333572, 0.23157727718353271, -0.013116869144141674, -0.1551429182291031, -0.03291535750031471, 0.05691929906606674, 0.25669386982917786, 0.18121252954006195, 0.10946246236562729, 0.059315524995326996, -0.10521713644266129, 0.0740785300731659, -0.14620685577392578, 0.14516566693782806, 0.15133437514305115, 0.11185621470212936, 0.06536972522735596, 0.06863805651664734, -0.11425704509019852, 0.04301324114203453, 0.09473768621683121, -0.1393018513917923, 0.053433287888765335, 0.14914952218532562, -0.0494045689702034, 0.004433203022927046, -0.042150724679231644, 0.2886638641357422, 0.05919792130589485, -0.12458232790231705, -0.09033655375242233, 0.15400412678718567, -0.14914721250534058, -0.06493088603019714, 0.009149298071861267, -0.14198996126651764, -0.17379112541675568, -0.24740804731845856, 0.052663709968328476, 0.3869559168815613, 0.1319316029548645, -0.10223899036645889, 0.029500437900424004, -0.043936535716056824, -0.07748571038246155, 0.09429699927568436, 0.11130503565073013, -0.11004532128572464, -0.0260522048920393, -0.10880808532238007, 0.07360073179006577, 0.2116772085428238, -0.0300997793674469, -0.004509496036916971, 0.13781149685382843, -0.022328002378344536, 0.07045134156942368, 0.03927738219499588, 0.03214465454220772, -0.14084619283676147, 0.026034746319055557, -0.06197602301836014, 0.0019813752733170986, 0.07691124826669693, -0.07710344344377518, 0.0042983670718967915, 0.09887303411960602, -0.1310192197561264, 0.08884841203689575, -0.03105061873793602, -0.026573393493890762, -0.014665979892015457, 0.015011904761195183, -0.14931988716125488, -0.07930402457714081, 0.14427617192268372, -0.17186376452445984, 0.204999178647995, 0.18226812779903412, 0.08876387774944305, 0.12978361546993256, 0.12181679904460907, 0.07582017779350281, 0.012799816206097603, -0.0012078945292159915, -0.2446010559797287, -0.011333256028592587, 0.05904431268572807, 0.0058830357156693935, 0.13026027381420135, 0.05567909777164459]"
1,9.jpg,"[-0.14262714982032776, 0.04586494341492653, 0.07057838141918182, -0.03314822539687157, -0.08367501199245453, -0.06357874721288681, -0.044154684990644455, -0.01241357997059822, 0.08828938007354736, -0.057410966604948044, 0.20764854550361633, -0.09389235824346542, -0.23230500519275665, -0.014864184893667698, 0.00338755757547915, 0.1189553290605545, -0.1839514672756195, -0.09991252422332764, -0.023618444800376892, -0.012849454768002033, 0.08503169566392899, 0.010681862942874432, 0.0331551656126976, 0.03348851203918457, -0.1397162228822708, -0.4014450013637543, -0.1044750064611435, -0.14129026234149933, 0.0738539919257164, -0.04560563713312149, -0.04418696090579033, -0.02717275731265545, -0.17445573210716248, -0.03953399136662483, 0.056922219693660736, 0.12285692989826202, -0.042800694704055786, -0.0804486945271492, 0.22862881422042847, 0.001476322184316814, -0.12897655367851257, -0.026746833696961403, 0.053032711148262024, 0.24103648960590363, 0.12015359103679657, 0.11859317868947983, 0.06015234813094139, -0.10325928032398224, 0.06603869795799255, -0.17097443342208862, 0.16601257026195526, 0.13013851642608643, 0.13922236859798431, 0.06492398679256439, 0.10097836703062057, -0.11899708211421967, 0.05968577042222023, 0.10593044012784958, -0.1661667376756668, 0.091550312936306, 0.1413043737411499, 0.008684713393449783, 0.037343405187129974, -0.07621370255947113, 0.28394225239753723, 0.005573902279138565, -0.1242901161313057, -0.0650569275021553, 0.10713687539100647, -0.11056119948625565, -0.039274923503398895, 0.03311064839363098, -0.1052633672952652, -0.16437117755413055, -0.23962517082691193, 0.05504157394170761, 0.3754461705684662, 0.15536506474018097, -0.16715867817401886, 0.0005688734236173332, -0.07636711001396179, -0.10352092236280441, 0.11489515006542206, 0.058911554515361786, -0.08177126944065094, -0.02016722783446312, -0.1264348328113556, 0.0636087954044342, 0.22950559854507446, -0.03292699158191681, 0.016212355345487595, 0.15472529828548431, -0.017257263883948326, 0.04568169638514519, -0.007818247191607952, -0.03824080899357796, -0.15134553611278534, 0.010267910547554493, -0.0728810578584671, -0.030882548540830612, 0.05621710419654846, -0.056872520595788956, -0.02575433813035488, 0.10110506415367126, -0.17498816549777985, 0.0663786306977272, -0.021512320265173912, -0.07515600323677063, -0.011309869587421417, -0.0036301554646342993, -0.20409245789051056, -0.053624317049980164, 0.1454370766878128, -0.21226663887500763, 0.17530407011508942, 0.1489424854516983, 0.08048238605260849, 0.11341622471809387, 0.11710642278194427, 0.0513053834438324, 0.009942497126758099, -0.018858961760997772, -0.22533661127090454, -0.0243537575006485, 0.10110366344451904, 0.005017015151679516, 0.13371241092681885, 0.030418187379837036]"
1,10.jpg,"[-0.11493097245693207, 0.08759009093046188, 0.14422555267810822, -0.07736397534608841, -0.018737703561782837, -0.10345710813999176, 0.002197585068643093, -0.0809410959482193, 0.10214883834123611, -0.10695578902959824, 0.26838672161102295, -0.09937609732151031, -0.2427498996257782, -0.1316845417022705, 0.011736993677914143, 0.12378488481044769, -0.12837933003902435, -0.11306217312812805, -0.028370175510644913, -0.07428418844938278, 0.06600431352853775, -0.0443807877600193, 0.010771766304969788, 0.03664085268974304, -0.08492590487003326, -0.39425331354141235, -0.06310262531042099, -0.07515398412942886, -0.04604943469166756, -0.06200265884399414, -0.0006220189388841391, 0.09221162647008896, -0.13098230957984924, -0.049770791083574295, -0.013325989246368408, 0.09145805239677429, 0.0013365870108827949, -0.0006807792815379798, 0.1406490057706833, 0.012214014306664467, -0.16167841851711273, 0.024947915226221085, -0.02167605049908161, 0.3131992518901825, 0.15225091576576233, 0.05836987867951393, 0.0038484411779791117, -0.03587154671549797, 0.1281491219997406, -0.2156207412481308, 0.017644129693508148, 0.12944826483726501, 0.15806999802589417, -0.02318476140499115, 0.10196033120155334, -0.07411713153123856, 0.04239429160952568, 0.07203462719917297, -0.24355614185333252, 0.049970172345638275, 0.0802481397986412, -0.12288559228181839, 0.02663864567875862, -0.0716768279671669, 0.23793922364711761, 0.10304047167301178, -0.16671206057071686, -0.027398083359003067, 0.1256132572889328, -0.07838704437017441, -0.010763187892735004, 0.02618461847305298, -0.1245230957865715, -0.15684159100055695, -0.25488874316215515, 0.07168704271316528, 0.3996993601322174, 0.14446650445461273, -0.22574631869792938, -0.05469725653529167, -0.14154894649982452, 0.031477317214012146, 0.12673136591911316, 0.06064852699637413, -0.09260972589254379, -0.019043605774641037, -0.1518220603466034, -0.01866772212088108, 0.10626454651355743, -0.0072053768672049046, -0.09052908420562744, 0.20961184799671173, -0.023821955546736717, 0.08276728540658951, 0.0019320001592859626, -0.020425274968147278, -0.15782730281352997, 0.02119406685233116, -0.1375558227300644, -0.03297567367553711, -0.016023917123675346, -0.10597192496061325, 0.0022547408007085323, 0.09526925534009933, -0.144992396235466, 0.10683871805667877, -0.004473196342587471, 0.03425990417599678, -0.011563371866941452, 0.09068533778190613, -0.09674657136201859, -0.07983434200286865, 0.04370838403701782, -0.25265464186668396, 0.12104323506355286, 0.18268711864948273, 0.04671818017959595, 0.12964490056037903, 0.08737170696258545, 0.016192777082324028, -0.017619522288441658, -0.05900801345705986, -0.09307124465703964, -0.05611870810389519, 0.06642594933509827, 0.04104836657643318, 0.10881924629211426, 0.005106472875922918]"
1,10.jpg,"[-0.1347879320383072, 0.07212559878826141, 0.04801051318645477, -0.00523198489099741, -0.10014952719211578, -0.09709060192108154, -0.04724118113517761, -0.09686898440122604, 0.10641076415777206, -0.03539372235536575, 0.18683436512947083, -0.03507884219288826, -0.2679149806499481, -0.004886433482170105, -0.0199578944593668, 0.12458644807338715, -0.13263654708862305, -0.09066576510667801, -0.10888591408729553, -0.037762489169836044, 0.03708711266517639, -0.0235185157507658, 0.03560015186667442, 0.024102292954921722, -0.09911753237247467, -0.4158426821231842, -0.11999034881591797, -0.06490632146596909, 0.06303441524505615, -0.022047869861125946, -0.018108833581209183, 0.0006995507283136249, -0.1485740840435028, -0.057478416711091995, 0.040136925876140594, 0.08332034945487976, -0.1501576453447342, -0.0801609456539154, 0.24325315654277802, -0.03079240769147873, -0.19678525626659393, 0.00986024271696806, 0.04688222333788872, 0.2603623867034912, 0.21819078922271729, 0.12395370751619339, 0.07773346453905106, -0.11184129863977432, 0.042728155851364136, -0.18472805619239807, 0.12163883447647095, 0.18360120058059692, 0.062217868864536285, 0.08643314242362976, 0.08206353336572647, -0.10593248903751373, 0.051029741764068604, 0.10334457457065582, -0.1678806096315384, 0.031081389635801315, 0.16024518013000488, -0.10055028647184372, -0.005134777631610632, -0.07210880517959595, 0.2406795471906662, 0.07519342750310898, -0.1125761941075325, -0.07059939205646515, 0.1647467315196991, -0.20322248339653015, -0.04003070294857025, -0.012301049195230007, -0.12013282626867294, -0.18663737177848816, -0.30033552646636963, 0.05548759922385216, 0.39245617389678955, 0.1789247691631317, -0.09787041693925858, -0.002414877060800791, -0.011643647216260433, -0.04762040451169014, 0.12513767182826996, 0.07299104332923889, -0.13149456679821014, -0.08063630759716034, -0.0980892926454544, 0.06354266405105591, 0.22674497961997986, -0.011108393780887127, -0.010661265812814236, 0.1625782698392868, 0.018908832222223282, 0.005528510548174381, 0.025428591296076775, 0.02961278147995472, -0.12452224642038345, -0.0027288412675261497, -0.09773674607276917, 0.015964902937412262, 0.10378832370042801, -0.07744774967432022, 0.05416068807244301, 0.11822670698165894, -0.12583139538764954, 0.1335967630147934, -0.02133994922041893, 0.00014105506124906242, 0.030526425689458847, -0.00825527310371399, -0.16081276535987854, -0.06823020428419113, 0.1521322876214981, -0.15357978641986847, 0.24365700781345367, 0.17141558229923248, 0.08024560660123825, 0.08549420535564423, 0.10995505750179291, 0.06687180697917938, -0.02590872347354889, -0.0035039407666772604, -0.22043828666210175, -0.03667929768562317, 0.058116182684898376, 0.00563550740480423, 0.14602875709533691, 0.05776667594909668]"
1,10.jpg,"[-0.06899711489677429, 0.08982621878385544, 0.018400808796286583, -0.07477664947509766, -0.14400021731853485, -0.03765642270445824, -0.06752517819404602, -0.07734526693820953, 0.09718857705593109, -0.07356610894203186, 0.2092142254114151, -0.02309400588274002, -0.21293427050113678, -0.08810260891914368, -0.03750067949295044, 0.16033008694648743, -0.14452166855335236, -0.05030791088938713, -0.12714916467666626, -0.1653105914592743, -0.013494938611984253, 0.04824698716402054, -0.020697902888059616, 0.04039806127548218, -0.13876214623451233, -0.17453114688396454, -0.06025519594550133, -0.02678884193301201, 0.0003041142481379211, -0.13957491517066956, 0.057106081396341324, 0.043733805418014526, -0.24870949983596802, -0.07061415910720825, -0.004135419148951769, 0.08704806119203568, -0.0311047974973917, -0.06043896824121475, 0.16986192762851715, 0.017769573256373405, -0.09254307299852371, 0.09597424417734146, 0.09004566818475723, 0.22194619476795197, 0.2159101366996765, -0.014421463012695312, -0.025892473757267, -0.08636588603258133, 0.10206063836812973, -0.24651403725147247, 0.003943918272852898, 0.166152685880661, 0.02347996085882187, 0.05648134648799896, 0.01033926010131836, -0.10450921207666397, -0.002503856085240841, 0.17947272956371307, -0.15667209029197693, 0.0225527286529541, 0.05305829271674156, -0.0954069048166275, -0.1030508428812027, -0.09227395057678223, 0.1766405552625656, 0.09155767410993576, -0.09870651364326477, -0.15843193233013153, 0.18350690603256226, -0.13690117001533508, -0.08434190601110458, 0.0650215595960617, -0.08582045882940292, -0.12855535745620728, -0.342789888381958, 0.10694439709186554, 0.36683371663093567, 0.18166518211364746, -0.13675273954868317, 0.07541535794734955, -0.11321063339710236, -0.01813020184636116, -0.010865848511457443, 0.03171565383672714, -0.020464276894927025, -0.06212800368666649, -0.03153190016746521, 0.12092084437608719, 0.15684978663921356, -0.0037178443744778633, 0.013953879475593567, 0.2462223321199417, 0.05519136041402817, 0.02060343511402607, -0.020045099779963493, -0.002723208861425519, -0.09726632386445999, -0.051205094903707504, -0.10723431408405304, -0.017230471596121788, 0.07225383073091507, -0.08625409752130508, 0.08504228293895721, 0.14678075909614563, -0.15817931294441223, 0.15471911430358887, 0.002429874613881111, -0.039539579302072525, 0.005127094220370054, 0.05296044424176216, -0.050487544387578964, -0.009160052984952927, 0.16746346652507782, -0.23998963832855225, 0.23564735054969788, 0.15519613027572632, 0.01628606952726841, 0.09422259777784348, 0.12521906197071075, 0.13105854392051697, -0.025021323934197426, -0.021706392988562584, -0.11594322323799133, -0.08380893617868423, -0.015123773366212845, -0.03317096084356308, 0.08545806258916855, 0.08296625316143036]"
1,11.jpg,"[-0.07721281796693802, 0.12426411360502243, 0.028498979285359383, 0.0014318227767944336, 0.005521113984286785, -0.0753776878118515, -0.07601727545261383, -0.04470674321055412, 0.1611829549074173, -0.036296721547842026, 0.1965867280960083, 0.03960723429918289, -0.16422763466835022, -0.08007174730300903, -0.05349157378077507, 0.11931413412094116, -0.163877472281456, -0.06462031602859497, -0.07094509899616241, -0.08665457367897034, 0.037644851952791214, 0.10257066041231155, 0.06502047181129456, 0.009618652984499931, -0.06705620139837265, -0.33214136958122253, -0.08215241879224777, -0.15310873091220856, 0.1209869310259819, -0.10569297522306442, 0.021082300692796707, 0.01455140020698309, -0.17531366646289825, -0.089059978723526, 0.051231902092695236, 0.003971802070736885, -0.004475409630686045, 0.06076610088348389, 0.15218932926654816, 0.05559999868273735, -0.1131344586610794, -0.0222607608884573, 0.02494119480252266, 0.31427672505378723, 0.1610259860754013, 0.12860286235809326, -0.006692336406558752, -0.11761169880628586, 0.0836111530661583, -0.20346955955028534, 0.164352148771286, 0.13616719841957092, 0.09130047261714935, 0.0749576985836029, 0.10861644893884659, -0.11239420622587204, 0.05087725818157196, 0.08054148405790329, -0.23012001812458038, 0.14709804952144623, 0.1303669959306717, 0.016132280230522156, -0.06151968613266945, 0.03440887853503227, 0.19241982698440552, 0.03853636607527733, -0.11579743027687073, -0.11229413747787476, 0.1366472989320755, -0.16171205043792725, -0.007121611852198839, 0.04667817801237106, -0.02798897959291935, -0.1879284828901291, -0.23561662435531616, 0.06834310293197632, 0.3694232702255249, 0.20158152282238007, -0.19901303946971893, 0.04663565382361412, -0.09775876253843307, -0.05694717913866043, 0.1173306480050087, 0.03730040043592453, -0.10021921992301941, -0.0176315326243639, -0.09847846627235413, -0.01833907887339592, 0.08761933445930481, 0.02880462445318699, -0.027944166213274002, 0.24525827169418335, -0.032452795654535294, 0.017735350877046585, 0.036566443741321564, 0.06565941870212555, -0.19444821774959564, -0.016528552398085594, -0.14958493411540985, -0.1340874433517456, 0.06478331983089447, -0.03358360379934311, -0.01253525074571371, 0.09731828421354294, -0.10760601609945297, 0.20157979428768158, -0.00021311886666808277, 0.008710630238056183, 0.046791188418865204, 0.08306670933961868, -0.10597565770149231, -0.12692095339298248, 0.13288229703903198, -0.14646422863006592, 0.226171612739563, 0.11950309574604034, 0.04174487292766571, 0.14849255979061127, 0.10536713153123856, 0.12556098401546478, 0.0007830534013919532, -0.046045832335948944, -0.1373664289712906, -0.07948761433362961, 0.019533459097146988, -0.035039059817790985, 0.03705880045890808, 0.007511635310947895]"
1,12.jpg,"[-0.13687187433242798, 0.09827306866645813, 0.06257008761167526, -0.08661048114299774, -0.09577211737632751, 0.0055764238350093365, -0.0693603903055191, -0.1209372729063034, 0.1514638215303421, -0.11281651258468628, 0.2684999704360962, -0.041391585022211075, -0.3068377375602722, -0.08067228645086288, -0.04004720598459244, 0.07663732022047043, -0.17574551701545715, -0.20522440969944, -0.009092381224036217, -0.11163683235645294, 0.022710641846060753, 0.033492088317871094, -0.05535705015063286, -0.01565110683441162, -0.08393662422895432, -0.4284425675868988, -0.0522562675178051, -0.1053834855556488, -0.005752901546657085, -0.1208462119102478, -0.010083337314426899, 0.04726395010948181, -0.18254932761192322, -0.005326381418853998, -0.0036875479854643345, 0.10068660229444504, -0.026041945442557335, -0.04778837412595749, 0.15342575311660767, 0.018326429650187492, -0.10368281602859497, -0.04809140786528587, -0.003881324315443635, 0.25109970569610596, 0.09720519930124283, 0.03820085525512695, -0.009323607198894024, -0.06129613518714905, 0.02705485373735428, -0.20092135667800903, 0.062347590923309326, 0.2196415811777115, 0.09778539836406708, 0.011037292890250683, 0.08553722500801086, -0.17675086855888367, -0.015467619523406029, -0.007114730309695005, -0.19520318508148193, 0.04420720785856247, 0.10063693672418594, -0.08478695154190063, -0.08198606967926025, -0.05694408714771271, 0.2551572620868683, 0.12180729955434799, -0.10058634728193283, -0.13437043130397797, 0.18187552690505981, -0.10612862557172775, -0.08261175453662872, 0.010821879841387272, -0.08796275407075882, -0.1706981062889099, -0.17273500561714172, 0.06867272406816483, 0.38061171770095825, 0.12380856275558472, -0.2192523181438446, 0.029716283082962036, -0.14222367107868195, -0.037888187915086746, 0.11618240922689438, -0.03439239785075188, -0.07664760202169418, 0.013916997238993645, -0.1759657859802246, 0.022023353725671768, 0.15608301758766174, 0.03324541822075844, -0.08941546082496643, 0.17132417857646942, -0.04221264272928238, 0.05248907953500748, 0.12146371603012085, 0.032226573675870895, -0.09881141781806946, -0.0005262185586616397, -0.14645813405513763, -0.054482351988554, 0.07483714073896408, -0.11496960371732712, -0.057366374880075455, 0.08615478128194809, -0.09764798730611801, 0.10080276429653168, 0.02297273837029934, -0.02508537657558918, -0.02502525970339775, 0.010280597023665905, -0.14611117541790009, -0.05848768725991249, 0.15655526518821716, -0.302871972322464, 0.2257339209318161, 0.12628282606601715, 0.06224576011300087, 0.20549456775188446, 0.10224390029907227, 0.031747229397296906, -0.01616680435836315, -0.10976208746433258, -0.16826288402080536, -0.14176005125045776, -0.008804523386061192, 0.05275401845574379, 0.055520493537187576, 0.051304202526807785]"
1,13.jpg,"[-0.15350069105625153, 0.08220278471708298, 0.07282789051532745, -0.11697052419185638, -0.04763520136475563, -0.02850441262125969, -0.04221012815833092, -0.0946856290102005, 0.13652391731739044, -0.0905364528298378, 0.2610267400741577, -0.047847505658864975, -0.28598079085350037, -0.11977706849575043, -0.04680100083351135, 0.05703340470790863, -0.14982160925865173, -0.20089983940124512, -0.02697199396789074, -0.1220642700791359, 0.02236601896584034, 0.017021119594573975, -0.043974440544843674, -0.0021004059817641973, -0.07412905246019363, -0.4028906524181366, -0.06115497276186943, -0.10366977006196976, 0.006777195725589991, -0.12770168483257294, 0.037097640335559845, 0.032578278332948685, -0.18708910048007965, -0.012621230445802212, -0.039067693054676056, 0.11438517272472382, -0.03558710962533951, -0.03961404412984848, 0.14665311574935913, 0.014942002482712269, -0.11387821286916733, -0.0596151277422905, -0.0035253632813692093, 0.2682144343852997, 0.13043838739395142, 0.02965252473950386, -0.01662069372832775, -0.02653961442410946, -0.011286843568086624, -0.21065178513526917, 0.049008551985025406, 0.21801429986953735, 0.07864949852228165, 0.014784163795411587, 0.08407751470804214, -0.1339261829853058, -0.017400404438376427, 0.018523110076785088, -0.18627385795116425, 0.057420678436756134, 0.060067541897296906, -0.09698156267404556, -0.08129386603832245, -0.029529860243201256, 0.2611646354198456, 0.12295284867286682, -0.11923396587371826, -0.15695297718048096, 0.20067094266414642, -0.13739395141601562, -0.0933477133512497, 0.03435574844479561, -0.0665736123919487, -0.14134876430034637, -0.17629848420619965, 0.09646455943584442, 0.3496655821800232, 0.08898775279521942, -0.20428629219532013, 0.05567241832613945, -0.17868678271770477, -0.04043285921216011, 0.09312774986028671, -0.029675733298063278, -0.07820893079042435, 0.01741524040699005, -0.18186770379543304, -0.018140098080039024, 0.1512867659330368, 0.03339018672704697, -0.09321358054876328, 0.16599103808403015, -0.05351749062538147, 0.030354516580700874, 0.12439507991075516, 0.03576534986495972, -0.1027994379401207, 0.021526720374822617, -0.14796853065490723, -0.06532817333936691, 0.11645909398794174, -0.1353776454925537, -0.05873126536607742, 0.08426525443792343, -0.09094540029764175, 0.1051560565829277, 0.029666082933545113, -0.02052953653037548, 0.004947691224515438, 0.022366506978869438, -0.15165270864963531, -0.08249607682228088, 0.169343501329422, -0.29230061173439026, 0.24731437861919403, 0.1501554399728775, 0.07418341934680939, 0.1746201366186142, 0.15388208627700806, 0.03761576488614082, 0.010227219201624393, -0.08674007654190063, -0.13410614430904388, -0.11887490004301071, -0.02460468001663685, 0.048652924597263336, 0.03954900801181793, 0.053394120186567307]"
1,13.jpg,"[-0.0967831164598465, 0.09765254706144333, 0.11413950473070145, -0.08856774121522903, -0.018365919589996338, -0.11666171252727509, -0.03142837435007095, -0.07923638075590134, 0.08692403137683868, -0.08124935626983643, 0.25168946385383606, -0.0659639984369278, -0.2029564529657364, -0.145089790225029, 0.0075599560514092445, 0.1105659157037735, -0.12064530700445175, -0.10227614641189575, -0.04242612421512604, -0.10514902323484421, 0.055001150816679, -0.028594186529517174, 0.03979014977812767, 0.0741293653845787, -0.08930587768554688, -0.38086652755737305, -0.07611735910177231, -0.03979611396789551, -0.02622220851480961, -0.0793926864862442, 0.038691386580467224, 0.05310953035950661, -0.12850677967071533, -0.045000649988651276, -0.005818622186779976, 0.11567152291536331, -0.02579587884247303, -0.02398231253027916, 0.12770919501781464, 0.022097619250416756, -0.14270919561386108, 0.02867290936410427, 0.021092237904667854, 0.3249295949935913, 0.1909111887216568, 0.10231821984052658, 0.014202741906046867, 0.0069679878652095795, 0.13092507421970367, -0.21804174780845642, 0.01435980573296547, 0.11982603371143341, 0.16999292373657227, -0.047477204352617264, 0.14692583680152893, -0.06561599671840668, 0.04863227903842926, 0.09667588025331497, -0.24005559086799622, 0.024428892880678177, 0.019112547859549522, -0.08647719025611877, 0.016697654500603676, -0.061054978519678116, 0.23821309208869934, 0.11501243710517883, -0.15287010371685028, -0.015858205035328865, 0.14302818477153778, -0.1139446273446083, -0.023378588259220123, 0.052863746881484985, -0.0971466675400734, -0.1616939753293991, -0.2348560094833374, 0.05804087221622467, 0.4009965658187866, 0.15756969153881073, -0.19372352957725525, -0.019542478024959564, -0.07304181903600693, 0.043011683970689774, 0.10060317814350128, 0.03861933574080467, -0.13081970810890198, -0.013628183864057064, -0.15882696211338043, -0.021656107157468796, 0.10001161694526672, 0.014834205619990826, -0.09439966082572937, 0.19280467927455902, -0.009812934324145317, 0.06458640843629837, 0.027203641831874847, -0.030496295541524887, -0.15589286386966705, 0.042524322867393494, -0.12885743379592896, -0.047550685703754425, 0.031045980751514435, -0.0985591784119606, 0.01662461645901203, 0.05811786651611328, -0.1508960872888565, 0.11819889396429062, -0.0030959690921008587, 0.016926294192671776, -0.008926305919885635, 0.11412564665079117, -0.11078524589538574, -0.06487785279750824, 0.05805979296565056, -0.282152384519577, 0.12243227660655975, 0.19534116983413696, 0.0031960599590092897, 0.13697728514671326, 0.0863502249121666, 0.031194504350423813, -0.0014802562072873116, -0.05404743179678917, -0.04822378233075142, -0.08947227150201797, 0.03097214363515377, -0.009787961840629578, 0.13374397158622742, 0.0021524818148463964]"
